Country Name,Series Name,2019values
Afghanistan,CO2_emissionstons per capita),0.297563651
Afghanistan,"PM2.5 air pollution, mean annual exposure (micrograms per cubic meter)",52.41704109
Afghanistan,Population density (people per sq. km of land area),57.90825169
Afghanistan,GDP per capita (constant 2015 US$),584.3865153
Albania,CO2 emissions (metric tons per capita),1.749462457
Albania,"PM2.5 air pollution, mean annual exposure (micrograms per cubic meter)",18.63878032
Albania,Population density (people per sq. km of land area),104.1675547
Albania,GDP per capita (constant 2015 US$),4543.387723
Algeria,CO2 emissions (metric tons per capita),3.994401828
Algeria,"PM2.5 air pollution, mean annual exposure (micrograms per cubic meter)",32.83308539
Algeria,Population density (people per sq. km of land area),17.93031568
Algeria,GDP per capita (constant 2015 US$),4153.003441
American Samoa,CO2 emissions (metric tons per capita),..
American Samoa,"PM2.5 air pollution, mean annual exposure (micrograms per cubic meter)",6.300155035
American Samoa,Population density (people per sq. km of land area),236.605
American Samoa,GDP per capita (constant 2015 US$),13288.35656
Andorra,CO2 emissions (metric tons per capita),6.287203804
Andorra,"PM2.5 air pollution, mean annual exposure (micrograms per cubic meter)",9.066401367
Andorra,Population density (people per sq. km of land area),162.4319149
Andorra,GDP per capita (constant 2015 US$),39413.79088
Angola,CO2 emissions (metric tons per capita),0.753638205
Angola,"PM2.5 air pollution, mean annual exposure (micrograms per cubic meter)",28.4208104
Angola,Population density (people per sq. km of land area),25.95138205
Angola,GDP per capita (constant 2015 US$),2569.701651
Antigua and Barbuda,CO2 emissions (metric tons per capita),5.525581597
Antigua and Barbuda,"PM2.5 air pollution, mean annual exposure (micrograms per cubic meter)",17.59200058
Antigua and Barbuda,Population density (people per sq. km of land area),209.3568182
Antigua and Barbuda,GDP per capita (constant 2015 US$),17599.96872
Argentina,CO2 emissions (metric tons per capita),3.742029812
Argentina,"PM2.5 air pollution, mean annual exposure (micrograms per cubic meter)",13.51118918
Argentina,Population density (people per sq. km of land area),16.42082662
Argentina,GDP per capita (constant 2015 US$),12716.2242
Armenia,CO2 emissions (metric tons per capita),2.196552367
Armenia,"PM2.5 air pollution, mean annual exposure (micrograms per cubic meter)",33.65637939
Armenia,Population density (people per sq. km of land area),99.07277836
Armenia,GDP per capita (constant 2015 US$),4561.967803
Aruba,CO2 emissions (metric tons per capita),..
Aruba,"PM2.5 air pollution, mean annual exposure (micrograms per cubic meter)",..
Aruba,Population density (people per sq. km of land area),591.3444444
Aruba,GDP per capita (constant 2015 US$),31762.73396
Australia,CO2 emissions (metric tons per capita),15.59572675
Australia,"PM2.5 air pollution, mean annual exposure (micrograms per cubic meter)",6.745497859
Australia,Population density (people per sq. km of land area),3.294351419
Australia,GDP per capita (constant 2015 US$),58868.48063
Austria,CO2 emissions (metric tons per capita),7.263331201
Austria,"PM2.5 air pollution, mean annual exposure (micrograms per cubic meter)",12.16821803
Austria,Population density (people per sq. km of land area),107.6093068
Austria,GDP per capita (constant 2015 US$),46647.08096
Azerbaijan,CO2 emissions (metric tons per capita),3.54349533
Azerbaijan,"PM2.5 air pollution, mean annual exposure (micrograms per cubic meter)",25.4950546
Azerbaijan,Population density (people per sq. km of land area),121.2800711
Azerbaijan,GDP per capita (constant 2015 US$),5348.454136
"Bahamas, The",CO2 emissions (metric tons per capita),6.482893634
"Bahamas, The","PM2.5 air pollution, mean annual exposure (micrograms per cubic meter)",15.59065792
"Bahamas, The",Population density (people per sq. km of land area),40.41528472
"Bahamas, The",GDP per capita (constant 2015 US$),29760.3414
Bahrain,CO2 emissions (metric tons per capita),22.06335481
Bahrain,"PM2.5 air pollution, mean annual exposure (micrograms per cubic meter)",59.21710593
Bahrain,Population density (people per sq. km of land area),1908.286079
Bahrain,GDP per capita (constant 2015 US$),23414.21907
Bangladesh,CO2 emissions (metric tons per capita),0.559733656
Bangladesh,"PM2.5 air pollution, mean annual exposure (micrograms per cubic meter)",63.4255285
Bangladesh,Population density (people per sq. km of land area),1271.538926
Bangladesh,GDP per capita (constant 2015 US$),1557.964334
Barbados,CO2 emissions (metric tons per capita),4.166143194
Barbados,"PM2.5 air pollution, mean annual exposure (micrograms per cubic meter)",21.34389367
Barbados,Population density (people per sq. km of land area),651.5813953
Barbados,GDP per capita (constant 2015 US$),17168.14569
Belarus,CO2 emissions (metric tons per capita),6.12342695
Belarus,"PM2.5 air pollution, mean annual exposure (micrograms per cubic meter)",16.42351285
Belarus,Population density (people per sq. km of land area),46.41075062
Belarus,GDP per capita (constant 2015 US$),6267.765795
Belgium,CO2 emissions (metric tons per capita),8.093790746
Belgium,"PM2.5 air pollution, mean annual exposure (micrograms per cubic meter)",12.6724532
Belgium,Population density (people per sq. km of land area),379.4247028
Belgium,GDP per capita (constant 2015 US$),43107.21482
Belize,CO2 emissions (metric tons per capita),1.89208291
Belize,"PM2.5 air pollution, mean annual exposure (micrograms per cubic meter)",21.17639652
Belize,Population density (people per sq. km of land area),17.05808856
Belize,GDP per capita (constant 2015 US$),5907.348872
Benin,CO2 emissions (metric tons per capita),0.608236773
Benin,"PM2.5 air pollution, mean annual exposure (micrograms per cubic meter)",46.8584555
Benin,Population density (people per sq. km of land area),108.9964881
Benin,GDP per capita (constant 2015 US$),1153.72621
Bermuda,CO2 emissions (metric tons per capita),..
Bermuda,"PM2.5 air pollution, mean annual exposure (micrograms per cubic meter)",7.069562328
Bermuda,Population density (people per sq. km of land area),1183.537037
Bermuda,GDP per capita (constant 2015 US$),107036.2393
Bhutan,CO2 emissions (metric tons per capita),1.867200723
Bhutan,"PM2.5 air pollution, mean annual exposure (micrograms per cubic meter)",40.29859817
Bhutan,Population density (people per sq. km of land area),20.12215522
Bhutan,GDP per capita (constant 2015 US$),3219.641439
Bolivia,CO2 emissions (metric tons per capita),1.853461506
Bolivia,"PM2.5 air pollution, mean annual exposure (micrograms per cubic meter)",26.83286559
Bolivia,Population density (people per sq. km of land area),10.87170221
Bolivia,GDP per capita (constant 2015 US$),3242.948845
Bosnia and Herzegovina,CO2 emissions (metric tons per capita),6.285663956
Bosnia and Herzegovina,"PM2.5 air pollution, mean annual exposure (micrograms per cubic meter)",29.46633319
Bosnia and Herzegovina,Population density (people per sq. km of land area),65.63888672
Bosnia and Herzegovina,GDP per capita (constant 2015 US$),5558.082553
Botswana,CO2 emissions (metric tons per capita),2.879663256
Botswana,"PM2.5 air pollution, mean annual exposure (micrograms per cubic meter)",24.71873626
Botswana,Population density (people per sq. km of land area),4.410745858
Botswana,GDP per capita (constant 2015 US$),6485.46044
Brazil,CO2 emissions (metric tons per capita),2.050770129
Brazil,"PM2.5 air pollution, mean annual exposure (micrograms per cubic meter)",11.65399121
Brazil,Population density (people per sq. km of land area),25.33851766
Brazil,GDP per capita (constant 2015 US$),8592.210218
British Virgin Islands,CO2 emissions (metric tons per capita),..
British Virgin Islands,"PM2.5 air pollution, mean annual exposure (micrograms per cubic meter)",..
British Virgin Islands,Population density (people per sq. km of land area),204.0666667
British Virgin Islands,GDP per capita (constant 2015 US$),..
Brunei Darussalam,CO2 emissions (metric tons per capita),16.11193294
Brunei Darussalam,"PM2.5 air pollution, mean annual exposure (micrograms per cubic meter)",7.680643971
Brunei Darussalam,Population density (people per sq. km of land area),83.12106262
Brunei Darussalam,GDP per capita (constant 2015 US$),30313.41729
Bulgaria,CO2 emissions (metric tons per capita),5.613710103
Bulgaria,"PM2.5 air pollution, mean annual exposure (micrograms per cubic meter)",19.36594583
Bulgaria,Population density (people per sq. km of land area),64.25719418
Bulgaria,GDP per capita (constant 2015 US$),8242.313996
Burkina Faso,CO2 emissions (metric tons per capita),0.269501589
Burkina Faso,"PM2.5 air pollution, mean annual exposure (micrograms per cubic meter)",53.67033962
Burkina Faso,Population density (people per sq. km of land area),76.57762792
Burkina Faso,GDP per capita (constant 2015 US$),716.0121974
Burundi,CO2 emissions (metric tons per capita),0.059571339
Burundi,"PM2.5 air pollution, mean annual exposure (micrograms per cubic meter)",33.27977863
Burundi,Population density (people per sq. km of land area),462.41581
Burundi,GDP per capita (constant 2015 US$),270.1372773
Cabo Verde,CO2 emissions (metric tons per capita),1.069615098
Cabo Verde,"PM2.5 air pollution, mean annual exposure (micrograms per cubic meter)",51.11721004
Cabo Verde,Population density (people per sq. km of land area),143.1836228
Cabo Verde,GDP per capita (constant 2015 US$),3690.656476
Cambodia,CO2 emissions (metric tons per capita),1.116330426
Cambodia,"PM2.5 air pollution, mean annual exposure (micrograms per cubic meter)",22.1120864
Cambodia,Population density (people per sq. km of land area),91.81818491
Cambodia,GDP per capita (constant 2015 US$),1465.969535
Cameroon,CO2 emissions (metric tons per capita),0.370691707
Cameroon,"PM2.5 air pollution, mean annual exposure (micrograms per cubic meter)",64.47088106
Cameroon,Population density (people per sq. km of land area),54.54156036
Cameroon,GDP per capita (constant 2015 US$),1454.564069
Canada,CO2 emissions (metric tons per capita),15.05274694
Canada,"PM2.5 air pollution, mean annual exposure (micrograms per cubic meter)",7.100156005
Canada,Population density (people per sq. km of land area),4.193949311
Canada,GDP per capita (constant 2015 US$),45113.06628
Cayman Islands,CO2 emissions (metric tons per capita),..
Cayman Islands,"PM2.5 air pollution, mean annual exposure (micrograms per cubic meter)",..
Cayman Islands,Population density (people per sq. km of land area),275.5583333
Cayman Islands,GDP per capita (constant 2015 US$),82170.59303
Central African Republic,CO2 emissions (metric tons per capita),0.045188205
Central African Republic,"PM2.5 air pollution, mean annual exposure (micrograms per cubic meter)",46.3767539
Central African Republic,Population density (people per sq. km of land area),8.361944204
Central African Republic,GDP per capita (constant 2015 US$),381.4140464
Chad,CO2 emissions (metric tons per capita),0.098196389
Chad,"PM2.5 air pollution, mean annual exposure (micrograms per cubic meter)",59.2825236
Chad,Population density (people per sq. km of land area),12.80723158
Chad,GDP per capita (constant 2015 US$),652.703216
Channel Islands,CO2 emissions (metric tons per capita),..
Channel Islands,"PM2.5 air pollution, mean annual exposure (micrograms per cubic meter)",..
Channel Islands,Population density (people per sq. km of land area),..
Channel Islands,GDP per capita (constant 2015 US$),..
Chile,CO2 emissions (metric tons per capita),4.827620075
Chile,"PM2.5 air pollution, mean annual exposure (micrograms per cubic meter)",22.76585719
Chile,Population density (people per sq. km of land area),25.60681316
Chile,GDP per capita (constant 2015 US$),13761.37447
China,CO2 emissions (metric tons per capita),7.645435786
China,"PM2.5 air pollution, mean annual exposure (micrograms per cubic meter)",47.67263439
China,Population density (people per sq. km of land area),149.3675732
China,GDP per capita (constant 2015 US$),10155.51142
Colombia,CO2 emissions (metric tons per capita),1.577820141
Colombia,"PM2.5 air pollution, mean annual exposure (micrograms per cubic meter)",22.01072747
Colombia,Population density (people per sq. km of land area),45.23425507
Colombia,GDP per capita (constant 2015 US$),6404.108766
Comoros,CO2 emissions (metric tons per capita),0.41239668
Comoros,"PM2.5 air pollution, mean annual exposure (micrograms per cubic meter)",17.15567571
Comoros,Population density (people per sq. km of land area),425.0327781
Comoros,GDP per capita (constant 2015 US$),1381.622238
"Congo, Dem. Rep.",CO2 emissions (metric tons per capita),0.03371488
"Congo, Dem. Rep.","PM2.5 air pollution, mean annual exposure (micrograms per cubic meter)",35.86088793
"Congo, Dem. Rep.",Population density (people per sq. km of land area),39.65809753
"Congo, Dem. Rep.",GDP per capita (constant 2015 US$),494.8192476
"Congo, Rep.",CO2 emissions (metric tons per capita),1.257662142
"Congo, Rep.","PM2.5 air pollution, mean annual exposure (micrograms per cubic meter)",39.30341272
"Congo, Rep.",Population density (people per sq. km of land area),16.31254173
"Congo, Rep.",GDP per capita (constant 2015 US$),1731.799886
Costa Rica,CO2 emissions (metric tons per capita),1.564824452
Costa Rica,"PM2.5 air pollution, mean annual exposure (micrograms per cubic meter)",17.42174135
Costa Rica,Population density (people per sq. km of land area),99.57955347
Costa Rica,GDP per capita (constant 2015 US$),12662.42285
Cote d'Ivoire,CO2 emissions (metric tons per capita),0.414528305
Cote d'Ivoire,"PM2.5 air pollution, mean annual exposure (micrograms per cubic meter)",55.62337378
Cote d'Ivoire,Population density (people per sq. km of land area),82.22500314
Cote d'Ivoire,GDP per capita (constant 2015 US$),2252.543316
Croatia,CO2 emissions (metric tons per capita),4.064519478
Croatia,"PM2.5 air pollution, mean annual exposure (micrograms per cubic meter)",18.46495986
Croatia,Population density (people per sq. km of land area),72.64050104
Croatia,GDP per capita (constant 2015 US$),14211.75543
Cuba,CO2 emissions (metric tons per capita),2.157740903
Cuba,"PM2.5 air pollution, mean annual exposure (micrograms per cubic meter)",17.72659724
Cuba,Population density (people per sq. km of land area),109.0240559
Cuba,GDP per capita (constant 2015 US$),8042.948524
Curacao,CO2 emissions (metric tons per capita),..
Curacao,"PM2.5 air pollution, mean annual exposure (micrograms per cubic meter)",..
Curacao,Population density (people per sq. km of land area),354.5968468
Curacao,GDP per capita (constant 2015 US$),17796.69991
Cyprus,CO2 emissions (metric tons per capita),5.851879339
Cyprus,"PM2.5 air pollution, mean annual exposure (micrograms per cubic meter)",15.57380293
Cyprus,Population density (people per sq. km of land area),132.9909091
Cyprus,GDP per capita (constant 2015 US$),28360.03125
Czechia,CO2 emissions (metric tons per capita),9.156117906
Czechia,"PM2.5 air pollution, mean annual exposure (micrograms per cubic meter)",16.75140093
Czechia,Population density (people per sq. km of land area),138.2268103
Czechia,GDP per capita (constant 2015 US$),20206.42564
Denmark,CO2 emissions (metric tons per capita),5.107386426
Denmark,"PM2.5 air pollution, mean annual exposure (micrograms per cubic meter)",9.785959755
Denmark,Population density (people per sq. km of land area),145.36055
Denmark,GDP per capita (constant 2015 US$),57203.02779
Djibouti,CO2 emissions (metric tons per capita),0.398763866
Djibouti,"PM2.5 air pollution, mean annual exposure (micrograms per cubic meter)",43.16577438
Djibouti,Population density (people per sq. km of land area),46.33278689
Djibouti,GDP per capita (constant 2015 US$),2820.062866
Dominica,CO2 emissions (metric tons per capita),2.437419499
Dominica,"PM2.5 air pollution, mean annual exposure (micrograms per cubic meter)",18.60844325
Dominica,Population density (people per sq. km of land area),95.23733333
Dominica,GDP per capita (constant 2015 US$),7936.304818
Dominican Republic,CO2 emissions (metric tons per capita),2.368634396
Dominican Republic,"PM2.5 air pollution, mean annual exposure (micrograms per cubic meter)",17.72938154
Dominican Republic,Population density (people per sq. km of land area),225.2511281
Dominican Republic,GDP per capita (constant 2015 US$),8205.142578
Ecuador,CO2 emissions (metric tons per capita),2.285055011
Ecuador,"PM2.5 air pollution, mean annual exposure (micrograms per cubic meter)",19.97447395
Ecuador,Population density (people per sq. km of land area),69.83306491
Ecuador,GDP per capita (constant 2015 US$),5863.910566
"Egypt, Arab Rep.",CO2 emissions (metric tons per capita),2.063160783
"Egypt, Arab Rep.","PM2.5 air pollution, mean annual exposure (micrograms per cubic meter)",67.88817813
"Egypt, Arab Rep.",Population density (people per sq. km of land area),106.1014325
"Egypt, Arab Rep.",GDP per capita (constant 2015 US$),3769.03577
El Salvador,CO2 emissions (metric tons per capita),1.25994054
El Salvador,"PM2.5 air pollution, mean annual exposure (micrograms per cubic meter)",22.32472418
El Salvador,Population density (people per sq. km of land area),303.0992761
El Salvador,GDP per capita (constant 2015 US$),4105.646168
Equatorial Guinea,CO2 emissions (metric tons per capita),3.139988835
Equatorial Guinea,"PM2.5 air pollution, mean annual exposure (micrograms per cubic meter)",45.28465901
Equatorial Guinea,Population density (people per sq. km of land area),55.36652406
Equatorial Guinea,GDP per capita (constant 2015 US$),6472.070883
Eritrea,CO2 emissions (metric tons per capita),0.199267295
Eritrea,"PM2.5 air pollution, mean annual exposure (micrograms per cubic meter)",44.07053957
Eritrea,Population density (people per sq. km of land area),28.89661565
Eritrea,GDP per capita (constant 2015 US$),..
Estonia,CO2 emissions (metric tons per capita),7.582120103
Estonia,"PM2.5 air pollution, mean annual exposure (micrograms per cubic meter)",5.893562381
Estonia,Population density (people per sq. km of land area),31.03854971
Estonia,GDP per capita (constant 2015 US$),20269.57514
Eswatini,CO2 emissions (metric tons per capita),0.999903387
Eswatini,"PM2.5 air pollution, mean annual exposure (micrograms per cubic meter)",23.34521196
Eswatini,Population density (people per sq. km of land area),68.00075581
Eswatini,GDP per capita (constant 2015 US$),3766.062999
Ethiopia,CO2 emissions (metric tons per capita),0.155169189
Ethiopia,"PM2.5 air pollution, mean annual exposure (micrograms per cubic meter)",33.7807199
Ethiopia,Population density (people per sq. km of land area),101.1195648
Ethiopia,GDP per capita (constant 2015 US$),785.4849817
Faroe Islands,CO2 emissions (metric tons per capita),..
Faroe Islands,"PM2.5 air pollution, mean annual exposure (micrograms per cubic meter)",..
Faroe Islands,Population density (people per sq. km of land area),37.02077364
Faroe Islands,GDP per capita (constant 2015 US$),56402.39445
Fiji,CO2 emissions (metric tons per capita),1.517205337
Fiji,"PM2.5 air pollution, mean annual exposure (micrograms per cubic meter)",10.9932094
Fiji,Population density (people per sq. km of land area),50.27175698
Fiji,GDP per capita (constant 2015 US$),5678.969942
Finland,CO2 emissions (metric tons per capita),7.423039601
Finland,"PM2.5 air pollution, mean annual exposure (micrograms per cubic meter)",5.565330197
Finland,Population density (people per sq. km of land area),18.16736091
Finland,GDP per capita (constant 2015 US$),46135.88142
France,CO2 emissions (metric tons per capita),4.460164948
France,"PM2.5 air pollution, mean annual exposure (micrograms per cubic meter)",11.40575038
France,Population density (people per sq. km of land area),123.0702941
France,GDP per capita (constant 2015 US$),38832.0242
French Polynesia,CO2 emissions (metric tons per capita),..
French Polynesia,"PM2.5 air pollution, mean annual exposure (micrograms per cubic meter)",..
French Polynesia,Population density (people per sq. km of land area),86.34889081
French Polynesia,GDP per capita (constant 2015 US$),19807.29314
Gabon,CO2 emissions (metric tons per capita),2.351763544
Gabon,"PM2.5 air pollution, mean annual exposure (micrograms per cubic meter)",36.74675483
Gabon,Population density (people per sq. km of land area),8.704098265
Gabon,GDP per capita (constant 2015 US$),6893.323106
"Gambia, The",CO2 emissions (metric tons per capita),0.241900479
"Gambia, The","PM2.5 air pollution, mean annual exposure (micrograms per cubic meter)",58.08072376
"Gambia, The",Population density (people per sq. km of land area),247.9133399
"Gambia, The",GDP per capita (constant 2015 US$),668.6351211
Georgia,CO2 emissions (metric tons per capita),2.835791247
Georgia,"PM2.5 air pollution, mean annual exposure (micrograms per cubic meter)",17.85586499
Georgia,Population density (people per sq. km of land area),65.08556982
Georgia,GDP per capita (constant 2015 US$),4773.335666
Germany,CO2 emissions (metric tons per capita),7.927187624
Germany,"PM2.5 air pollution, mean annual exposure (micrograms per cubic meter)",11.80580716
Germany,Population density (people per sq. km of land area),237.8229543
Germany,GDP per capita (constant 2015 US$),43284.60246
Ghana,CO2 emissions (metric tons per capita),0.572264896
Ghana,"PM2.5 air pollution, mean annual exposure (micrograms per cubic meter)",53.98926008
Ghana,Population density (people per sq. km of land area),138.5351587
Ghana,GDP per capita (constant 2015 US$),1981.613928
Gibraltar,CO2 emissions (metric tons per capita),..
Gibraltar,"PM2.5 air pollution, mean annual exposure (micrograms per cubic meter)",..
Gibraltar,Population density (people per sq. km of land area),3268.5
Gibraltar,GDP per capita (constant 2015 US$),..
Greece,CO2 emissions (metric tons per capita),5.595284353
Greece,"PM2.5 air pollution, mean annual exposure (micrograms per cubic meter)",14.2538714
Greece,Population density (people per sq. km of land area),83.17751746
Greece,GDP per capita (constant 2015 US$),19018.90212
Greenland,CO2 emissions (metric tons per capita),..
Greenland,"PM2.5 air pollution, mean annual exposure (micrograms per cubic meter)",6.462977097
Greenland,Population density (people per sq. km of land area),0.136983798
Greenland,GDP per capita (constant 2015 US$),48170.7909
Grenada,CO2 emissions (metric tons per capita),2.820964115
Grenada,"PM2.5 air pollution, mean annual exposure (micrograms per cubic meter)",21.48591655
Grenada,Population density (people per sq. km of land area),360.9529412
Grenada,GDP per capita (constant 2015 US$),9247.898382
Guam,CO2 emissions (metric tons per capita),..
Guam,"PM2.5 air pollution, mean annual exposure (micrograms per cubic meter)",8.221834725
Guam,Population density (people per sq. km of land area),312.2666667
Guam,GDP per capita (constant 2015 US$),35378.95577
Guatemala,CO2 emissions (metric tons per capita),1.145372815
Guatemala,"PM2.5 air pollution, mean annual exposure (micrograms per cubic meter)",27.64788197
Guatemala,Population density (people per sq. km of land area),154.946118
Guatemala,GDP per capita (constant 2015 US$),4263.708444
Guinea,CO2 emissions (metric tons per capita),0.350765779
Guinea,"PM2.5 air pollution, mean annual exposure (micrograms per cubic meter)",52.51253174
Guinea,Population density (people per sq. km of land area),52.40737018
Guinea,GDP per capita (constant 2015 US$),937.7031315
Guinea-Bissau,CO2 emissions (metric tons per capita),0.165088606
Guinea-Bissau,"PM2.5 air pollution, mean annual exposure (micrograms per cubic meter)",54.06829369
Guinea-Bissau,Population density (people per sq. km of land area),70.07315078
Guinea-Bissau,GDP per capita (constant 2015 US$),633.7257459
Guyana,CO2 emissions (metric tons per capita),3.500331141
Guyana,"PM2.5 air pollution, mean annual exposure (micrograms per cubic meter)",20.10090382
Guyana,Population density (people per sq. km of land area),4.057673355
Guyana,GDP per capita (constant 2015 US$),6348.69809
Haiti,CO2 emissions (metric tons per capita),0.297241022
Haiti,"PM2.5 air pollution, mean annual exposure (micrograms per cubic meter)",19.03230796
Haiti,Population density (people per sq. km of land area),404.9505806
Haiti,GDP per capita (constant 2015 US$),1387.514913
Honduras,CO2 emissions (metric tons per capita),1.023855315
Honduras,"PM2.5 air pollution, mean annual exposure (micrograms per cubic meter)",22.87512366
Honduras,Population density (people per sq. km of land area),89.00553222
Honduras,GDP per capita (constant 2015 US$),2446.108097
"Hong Kong SAR, China",CO2 emissions (metric tons per capita),..
"Hong Kong SAR, China","PM2.5 air pollution, mean annual exposure (micrograms per cubic meter)",..
"Hong Kong SAR, China",Population density (people per sq. km of land area),7150.380952
"Hong Kong SAR, China",GDP per capita (constant 2015 US$),44195.26234
Hungary,CO2 emissions (metric tons per capita),4.836876267
Hungary,"PM2.5 air pollution, mean annual exposure (micrograms per cubic meter)",16.49434933
Hungary,Population density (people per sq. km of land area),107.0692636
Hungary,GDP per capita (constant 2015 US$),15083.59917
Iceland,CO2 emissions (metric tons per capita),4.543450104
Iceland,"PM2.5 air pollution, mean annual exposure (micrograms per cubic meter)",5.698616135
Iceland,Population density (people per sq. km of land area),3.575949618
Iceland,GDP per capita (constant 2015 US$),57461.80196
India,CO2 emissions (metric tons per capita),1.752534366
India,"PM2.5 air pollution, mean annual exposure (micrograms per cubic meter)",83.19931634
India,Population density (people per sq. km of land area),465.1946394
India,GDP per capita (constant 2015 US$),1944.314837
Indonesia,CO2 emissions (metric tons per capita),2.245285771
Indonesia,"PM2.5 air pollution, mean annual exposure (micrograms per cubic meter)",19.37146134
Indonesia,Population density (people per sq. km of land area),143.5846338
Indonesia,GDP per capita (constant 2015 US$),3892.421662
"Iran, Islamic Rep.",CO2 emissions (metric tons per capita),7.222980003
"Iran, Islamic Rep.","PM2.5 air pollution, mean annual exposure (micrograms per cubic meter)",38.01508315
"Iran, Islamic Rep.",Population density (people per sq. km of land area),53.35235871
"Iran, Islamic Rep.",GDP per capita (constant 2015 US$),5017.117215
Iraq,CO2 emissions (metric tons per capita),4.347264139
Iraq,"PM2.5 air pollution, mean annual exposure (micrograms per cubic meter)",48.46825216
Iraq,Population density (people per sq. km of land area),95.74024251
Iraq,GDP per capita (constant 2015 US$),4854.386495
Ireland,CO2 emissions (metric tons per capita),7.257748757
Ireland,"PM2.5 air pollution, mean annual exposure (micrograms per cubic meter)",7.854094218
Ireland,Population density (people per sq. km of land area),71.62636087
Ireland,GDP per capita (constant 2015 US$),75239.30289
Isle of Man,CO2 emissions (metric tons per capita),..
Isle of Man,"PM2.5 air pollution, mean annual exposure (micrograms per cubic meter)",..
Isle of Man,Population density (people per sq. km of land area),147.2508772
Isle of Man,GDP per capita (constant 2015 US$),95137.2757
Israel,CO2 emissions (metric tons per capita),6.935752154
Israel,"PM2.5 air pollution, mean annual exposure (micrograms per cubic meter)",19.75989688
Israel,Population density (people per sq. km of land area),418.3918669
Israel,GDP per capita (constant 2015 US$),39591.36876
Italy,CO2 emissions (metric tons per capita),5.311030987
Italy,"PM2.5 air pollution, mean annual exposure (micrograms per cubic meter)",16.08828133
Italy,Population density (people per sq. km of land area),201.9805456
Italy,GDP per capita (constant 2015 US$),32114.29986
Jamaica,CO2 emissions (metric tons per capita),2.983289697
Jamaica,"PM2.5 air pollution, mean annual exposure (micrograms per cubic meter)",15.28940246
Jamaica,Population density (people per sq. km of land area),259.8128347
Jamaica,GDP per capita (constant 2015 US$),5307.511041
Japan,CO2 emissions (metric tons per capita),8.478400575
Japan,"PM2.5 air pollution, mean annual exposure (micrograms per cubic meter)",13.46980666
Japan,Population density (people per sq. km of land area),347.4156379
Japan,GDP per capita (constant 2015 US$),36043.7844
Jordan,CO2 emissions (metric tons per capita),2.163621448
Jordan,"PM2.5 air pollution, mean annual exposure (micrograms per cubic meter)",30.64558855
Jordan,Population density (people per sq. km of land area),120.4888055
Jordan,GDP per capita (constant 2015 US$),3909.250043
Kazakhstan,CO2 emissions (metric tons per capita),11.05087035
Kazakhstan,"PM2.5 air pollution, mean annual exposure (micrograms per cubic meter)",20.29485447
Kazakhstan,Population density (people per sq. km of land area),6.85767789
Kazakhstan,GDP per capita (constant 2015 US$),11402.7584
Kenya,CO2 emissions (metric tons per capita),0.382362033
Kenya,"PM2.5 air pollution, mean annual exposure (micrograms per cubic meter)",21.61458718
Kenya,Population density (people per sq. km of land area),89.52357944
Kenya,GDP per capita (constant 2015 US$),1653.82898
Kiribati,CO2 emissions (metric tons per capita),0.592397035
Kiribati,"PM2.5 air pollution, mean annual exposure (micrograms per cubic meter)",9.468882294
Kiribati,Population density (people per sq. km of land area),153.3839506
Kiribati,GDP per capita (constant 2015 US$),1405.469188
"Korea, Dem. People's Rep.",CO2 emissions (metric tons per capita),2.156763691
"Korea, Dem. People's Rep.","PM2.5 air pollution, mean annual exposure (micrograms per cubic meter)",44.32957478
"Korea, Dem. People's Rep.",Population density (people per sq. km of land area),213.8978573
"Korea, Dem. People's Rep.",GDP per capita (constant 2015 US$),..
"Korea, Rep.",CO2 emissions (metric tons per capita),11.82528359
"Korea, Rep.","PM2.5 air pollution, mean annual exposure (micrograms per cubic meter)",27.44033926
"Korea, Rep.",Population density (people per sq. km of land area),530.3772746
"Korea, Rep.",GDP per capita (constant 2015 US$),31640.21463
Kosovo,CO2 emissions (metric tons per capita),..
Kosovo,"PM2.5 air pollution, mean annual exposure (micrograms per cubic meter)",..
Kosovo,Population density (people per sq. km of land area),..
Kosovo,GDP per capita (constant 2015 US$),4219.097435
Kuwait,CO2 emissions (metric tons per capita),21.13521425
Kuwait,"PM2.5 air pollution, mean annual exposure (micrograms per cubic meter)",60.96648013
Kuwait,Population density (people per sq. km of land area),249.2199776
Kuwait,GDP per capita (constant 2015 US$),25777.56662
Kyrgyz Republic,CO2 emissions (metric tons per capita),1.551593817
Kyrgyz Republic,"PM2.5 air pollution, mean annual exposure (micrograms per cubic meter)",24.07288994
Kyrgyz Republic,Population density (people per sq. km of land area),33.66110532
Kyrgyz Republic,GDP per capita (constant 2015 US$),1226.824306
Lao PDR,CO2 emissions (metric tons per capita),2.658175141
Lao PDR,"PM2.5 air pollution, mean annual exposure (micrograms per cubic meter)",20.54733513
Lao PDR,Population density (people per sq. km of land area),31.24806326
Lao PDR,GDP per capita (constant 2015 US$),2564.019654
Latvia,CO2 emissions (metric tons per capita),3.954965509
Latvia,"PM2.5 air pollution, mean annual exposure (micrograms per cubic meter)",12.01165835
Latvia,Population density (people per sq. km of land area),30.75549199
Latvia,GDP per capita (constant 2015 US$),16069.84043
Lebanon,CO2 emissions (metric tons per capita),4.655297984
Lebanon,"PM2.5 air pollution, mean annual exposure (micrograms per cubic meter)",28.96029994
Lebanon,Population density (people per sq. km of land area),565.1913001
Lebanon,GDP per capita (constant 2015 US$),8081.743344
Lesotho,CO2 emissions (metric tons per capita),1.033426757
Lesotho,"PM2.5 air pollution, mean annual exposure (micrograms per cubic meter)",27.52281327
Lesotho,Population density (people per sq. km of land area),73.31034256
Lesotho,GDP per capita (constant 2015 US$),1040.218665
Liberia,CO2 emissions (metric tons per capita),0.22991646
Liberia,"PM2.5 air pollution, mean annual exposure (micrograms per cubic meter)",50.59973692
Liberia,Population density (people per sq. km of land area),51.75756852
Liberia,GDP per capita (constant 2015 US$),644.1620652
Libya,CO2 emissions (metric tons per capita),8.325767595
Libya,"PM2.5 air pollution, mean annual exposure (micrograms per cubic meter)",38.59119845
Libya,Population density (people per sq. km of land area),3.733412142
Libya,GDP per capita (constant 2015 US$),9278.27171
Liechtenstein,CO2 emissions (metric tons per capita),3.872608388
Liechtenstein,"PM2.5 air pollution, mean annual exposure (micrograms per cubic meter)",..
Liechtenstein,Population density (people per sq. km of land area),240.5125
Liechtenstein,GDP per capita (constant 2015 US$),..
Lithuania,CO2 emissions (metric tons per capita),4.200151961
Lithuania,"PM2.5 air pollution, mean annual exposure (micrograms per cubic meter)",10.37350411
Lithuania,Population density (people per sq. km of land area),44.6205206
Lithuania,GDP per capita (constant 2015 US$),17249.71844
Luxembourg,CO2 emissions (metric tons per capita),15.3230398
Luxembourg,"PM2.5 air pollution, mean annual exposure (micrograms per cubic meter)",10.06890585
Luxembourg,Population density (people per sq. km of land area),240.827591
Luxembourg,GDP per capita (constant 2015 US$),106729.0249
"Macao SAR, China",CO2 emissions (metric tons per capita),..
"Macao SAR, China","PM2.5 air pollution, mean annual exposure (micrograms per cubic meter)",..
"Macao SAR, China",Population density (people per sq. km of land area),20171.82371
"Macao SAR, China",GDP per capita (constant 2015 US$),76959.2441
Madagascar,CO2 emissions (metric tons per capita),0.142653575
Madagascar,"PM2.5 air pollution, mean annual exposure (micrograms per cubic meter)",17.8593854
Madagascar,Population density (people per sq. km of land area),47.32405294
Madagascar,GDP per capita (constant 2015 US$),478.9269613
Malawi,CO2 emissions (metric tons per capita),0.087118813
Malawi,"PM2.5 air pollution, mean annual exposure (micrograms per cubic meter)",22.34665143
Malawi,Population density (people per sq. km of land area),200.1202482
Malawi,GDP per capita (constant 2015 US$),573.4001137
Malaysia,CO2 emissions (metric tons per capita),7.464999716
Malaysia,"PM2.5 air pollution, mean annual exposure (micrograms per cubic meter)",16.59099631
Malaysia,Population density (people per sq. km of land area),99.84483336
Malaysia,GDP per capita (constant 2015 US$),11114.54271
Maldives,CO2 emissions (metric tons per capita),3.963267183
Maldives,"PM2.5 air pollution, mean annual exposure (micrograms per cubic meter)",10.94405416
Maldives,Population density (people per sq. km of land area),1681.693333
Maldives,GDP per capita (constant 2015 US$),10753.12132
Mali,CO2 emissions (metric tons per capita),0.191438656
Mali,"PM2.5 air pollution, mean annual exposure (micrograms per cubic meter)",60.62414043
Mali,Population density (people per sq. km of land area),16.85591916
Mali,GDP per capita (constant 2015 US$),779.326625
Malta,CO2 emissions (metric tons per capita),3.290468236
Malta,"PM2.5 air pollution, mean annual exposure (micrograms per cubic meter)",12.9910498
Malta,Population density (people per sq. km of land area),1575.19375
Malta,GDP per capita (constant 2015 US$),28660.02766
Marshall Islands,CO2 emissions (metric tons per capita),3.405025935
Marshall Islands,"PM2.5 air pollution, mean annual exposure (micrograms per cubic meter)",9.044039796
Marshall Islands,Population density (people per sq. km of land area),248.4888889
Marshall Islands,GDP per capita (constant 2015 US$),4984.647201
Mauritania,CO2 emissions (metric tons per capita),0.872475307
Mauritania,"PM2.5 air pollution, mean annual exposure (micrograms per cubic meter)",66.8117824
Mauritania,Population density (people per sq. km of land area),4.253273503
Mauritania,GDP per capita (constant 2015 US$),1670.028839
Mauritius,CO2 emissions (metric tons per capita),3.296800515
Mauritius,"PM2.5 air pollution, mean annual exposure (micrograms per cubic meter)",14.91383169
Mauritius,Population density (people per sq. km of land area),623.637931
Mauritius,GDP per capita (constant 2015 US$),10956.94502
Mexico,CO2 emissions (metric tons per capita),3.612165141
Mexico,"PM2.5 air pollution, mean annual exposure (micrograms per cubic meter)",20.12401203
Mexico,Population density (people per sq. km of land area),64.34595077
Mexico,GDP per capita (constant 2015 US$),10013.72425
"Micronesia, Fed. Sts.",CO2 emissions (metric tons per capita),1.330591943
"Micronesia, Fed. Sts.","PM2.5 air pollution, mean annual exposure (micrograms per cubic meter)",10.38285056
"Micronesia, Fed. Sts.",Population density (people per sq. km of land area),159.1128571
"Micronesia, Fed. Sts.",GDP per capita (constant 2015 US$),2984.930124
Moldova,CO2 emissions (metric tons per capita),3.348667379
Moldova,"PM2.5 air pollution, mean annual exposure (micrograms per cubic meter)",13.74739724
Moldova,Population density (people per sq. km of land area),92.75609357
Moldova,GDP per capita (constant 2015 US$),3439.12964
Monaco,CO2 emissions (metric tons per capita),..
Monaco,"PM2.5 air pollution, mean annual exposure (micrograms per cubic meter)",11.66888949
Monaco,Population density (people per sq. km of land area),18270.35027
Monaco,GDP per capita (constant 2015 US$),191194.4724
Mongolia,CO2 emissions (metric tons per capita),7.160835656
Mongolia,"PM2.5 air pollution, mean annual exposure (micrograms per cubic meter)",38.05757134
Mongolia,Population density (people per sq. km of land area),2.075718988
Mongolia,GDP per capita (constant 2015 US$),4385.111677
Montenegro,CO2 emissions (metric tons per capita),4.181644556
Montenegro,"PM2.5 air pollution, mean annual exposure (micrograms per cubic meter)",21.25685256
Montenegro,Population density (people per sq. km of land area),46.24743494
Montenegro,GDP per capita (constant 2015 US$),7684.180362
Morocco,CO2 emissions (metric tons per capita),1.955308017
Morocco,"PM2.5 air pollution, mean annual exposure (micrograms per cubic meter)",35.05284088
Morocco,Population density (people per sq. km of land area),81.34530137
Morocco,GDP per capita (constant 2015 US$),3355.613037
Mozambique,CO2 emissions (metric tons per capita),0.248639659
Mozambique,"PM2.5 air pollution, mean annual exposure (micrograms per cubic meter)",20.77406654
Mozambique,Population density (people per sq. km of land area),38.51267199
Mozambique,GDP per capita (constant 2015 US$),600.4033659
Myanmar,CO2 emissions (metric tons per capita),0.640928811
Myanmar,"PM2.5 air pollution, mean annual exposure (micrograms per cubic meter)",29.43314277
Myanmar,Population density (people per sq. km of land area),81.2627731
Myanmar,GDP per capita (constant 2015 US$),1577.802744
Namibia,CO2 emissions (metric tons per capita),1.764171657
Namibia,"PM2.5 air pollution, mean annual exposure (micrograms per cubic meter)",24.19978552
Namibia,Population density (people per sq. km of land area),2.971788799
Namibia,GDP per capita (constant 2015 US$),4596.619636
Nauru,CO2 emissions (metric tons per capita),4.401582591
Nauru,"PM2.5 air pollution, mean annual exposure (micrograms per cubic meter)",5.857163356
Nauru,Population density (people per sq. km of land area),606.6
Nauru,GDP per capita (constant 2015 US$),8254.106601
Nepal,CO2 emissions (metric tons per capita),0.480724943
Nepal,"PM2.5 air pollution, mean annual exposure (micrograms per cubic meter)",83.10319363
Nepal,Population density (people per sq. km of land area),201.1335612
Nepal,GDP per capita (constant 2015 US$),1061.486278
Netherlands,CO2 emissions (metric tons per capita),8.41396928
Netherlands,"PM2.5 air pollution, mean annual exposure (micrograms per cubic meter)",12.0392862
Netherlands,Population density (people per sq. km of land area),515.1432729
Netherlands,GDP per capita (constant 2015 US$),48443.73205
New Caledonia,CO2 emissions (metric tons per capita),..
New Caledonia,"PM2.5 air pollution, mean annual exposure (micrograms per cubic meter)",..
New Caledonia,Population density (people per sq. km of land area),14.8380744
New Caledonia,GDP per capita (constant 2015 US$),..
New Zealand,CO2 emissions (metric tons per capita),6.830053021
New Zealand,"PM2.5 air pollution, mean annual exposure (micrograms per cubic meter)",6.048305496
New Zealand,Population density (people per sq. km of land area),18.91003
New Zealand,GDP per capita (constant 2015 US$),40757.36815
Nicaragua,CO2 emissions (metric tons per capita),0.77010182
Nicaragua,"PM2.5 air pollution, mean annual exposure (micrograms per cubic meter)",20.43900913
Nicaragua,Population density (people per sq. km of land area),55.37580189
Nicaragua,GDP per capita (constant 2015 US$),1965.277906
Niger,CO2 emissions (metric tons per capita),0.092100576
Niger,"PM2.5 air pollution, mean annual exposure (micrograms per cubic meter)",80.10926696
Niger,Population density (people per sq. km of land area),18.5074548
Niger,GDP per capita (constant 2015 US$),520.9194002
Nigeria,CO2 emissions (metric tons per capita),0.588005207
Nigeria,"PM2.5 air pollution, mean annual exposure (micrograms per cubic meter)",70.39625682
Nigeria,Population density (people per sq. km of land area),223.222649
Nigeria,GDP per capita (constant 2015 US$),2505.462745
North Macedonia,CO2 emissions (metric tons per capita),3.831137375
North Macedonia,"PM2.5 air pollution, mean annual exposure (micrograms per cubic meter)",30.26931856
North Macedonia,Population density (people per sq. km of land area),82.34314036
North Macedonia,GDP per capita (constant 2015 US$),5386.20275
Northern Mariana Islands,CO2 emissions (metric tons per capita),..
Northern Mariana Islands,"PM2.5 air pollution, mean annual exposure (micrograms per cubic meter)",8.151978907
Northern Mariana Islands,Population density (people per sq. km of land area),108.3869565
Northern Mariana Islands,GDP per capita (constant 2015 US$),20796.03042
Norway,CO2 emissions (metric tons per capita),7.042320943
Norway,"PM2.5 air pollution, mean annual exposure (micrograms per cubic meter)",6.642383374
Norway,Population density (people per sq. km of land area),14.6479975
Norway,GDP per capita (constant 2015 US$),76712.28713
Oman,CO2 emissions (metric tons per capita),16.45635843
Oman,"PM2.5 air pollution, mean annual exposure (micrograms per cubic meter)",44.57247023
Oman,Population density (people per sq. km of land area),14.8716252
Oman,GDP per capita (constant 2015 US$),18044.27045
Pakistan,CO2 emissions (metric tons per capita),0.824459652
Pakistan,"PM2.5 air pollution, mean annual exposure (micrograms per cubic meter)",62.57424987
Pakistan,Population density (people per sq. km of land area),289.6602325
Pakistan,GDP per capita (constant 2015 US$),1452.851429
Palau,CO2 emissions (metric tons per capita),12.134405
Palau,"PM2.5 air pollution, mean annual exposure (micrograms per cubic meter)",6.873805482
Palau,Population density (people per sq. km of land area),38.94782609
Palau,GDP per capita (constant 2015 US$),15078.70895
Panama,CO2 emissions (metric tons per capita),3.095050433
Panama,"PM2.5 air pollution, mean annual exposure (micrograms per cubic meter)",13.20059479
Panama,Population density (people per sq. km of land area),57.05758965
Panama,GDP per capita (constant 2015 US$),15166.88091
Papua New Guinea,CO2 emissions (metric tons per capita),0.78255289
Papua New Guinea,"PM2.5 air pollution, mean annual exposure (micrograms per cubic meter)",16.2311858
Papua New Guinea,Population density (people per sq. km of land area),21.0716027
Papua New Guinea,GDP per capita (constant 2015 US$),2590.494236
Paraguay,CO2 emissions (metric tons per capita),1.240668873
Paraguay,"PM2.5 air pollution, mean annual exposure (micrograms per cubic meter)",12.51891553
Paraguay,Population density (people per sq. km of land area),16.43600805
Paraguay,GDP per capita (constant 2015 US$),6229.21196
Peru,CO2 emissions (metric tons per capita),1.735641775
Peru,"PM2.5 air pollution, mean annual exposure (micrograms per cubic meter)",30.82669477
Peru,Population density (people per sq. km of land area),25.64442266
Peru,GDP per capita (constant 2015 US$),6550.447518
Philippines,CO2 emissions (metric tons per capita),1.32152779
Philippines,"PM2.5 air pollution, mean annual exposure (micrograms per cubic meter)",18.82613108
Philippines,Population density (people per sq. km of land area),370.1941979
Philippines,GDP per capita (constant 2015 US$),3589.613641
Poland,CO2 emissions (metric tons per capita),7.768855783
Poland,"PM2.5 air pollution, mean annual exposure (micrograms per cubic meter)",22.6420051
Poland,Population density (people per sq. km of land area),124.0255954
Poland,GDP per capita (constant 2015 US$),15053.23936
Portugal,CO2 emissions (metric tons per capita),4.332448043
Portugal,"PM2.5 air pollution, mean annual exposure (micrograms per cubic meter)",8.254802244
Portugal,Population density (people per sq. km of land area),112.2885828
Portugal,GDP per capita (constant 2015 US$),21617.41162
Puerto Rico,CO2 emissions (metric tons per capita),..
Puerto Rico,"PM2.5 air pollution, mean annual exposure (micrograms per cubic meter)",6.85168132
Puerto Rico,Population density (people per sq. km of land area),360.0556933
Puerto Rico,GDP per capita (constant 2015 US$),30181.27248
Qatar,CO2 emissions (metric tons per capita),31.87720301
Qatar,"PM2.5 air pollution, mean annual exposure (micrograms per cubic meter)",76.04929303
Qatar,Population density (people per sq. km of land area),244.3198433
Qatar,GDP per capita (constant 2015 US$),59672.64155
Romania,CO2 emissions (metric tons per capita),3.817062957
Romania,"PM2.5 air pollution, mean annual exposure (micrograms per cubic meter)",15.67108952
Romania,Population density (people per sq. km of land area),84.19527121
Romania,GDP per capita (constant 2015 US$),11252.88655
Russian Federation,CO2 emissions (metric tons per capita),11.79719417
Russian Federation,"PM2.5 air pollution, mean annual exposure (micrograms per cubic meter)",11.59553193
Russian Federation,Population density (people per sq. km of land area),8.817695994
Russian Federation,GDP per capita (constant 2015 US$),9958.469727
Rwanda,CO2 emissions (metric tons per capita),0.113057798
Rwanda,"PM2.5 air pollution, mean annual exposure (micrograms per cubic meter)",36.18491574
Rwanda,Population density (people per sq. km of land area),520.2686664
Rwanda,GDP per capita (constant 2015 US$),871.1098908
Samoa,CO2 emissions (metric tons per capita),1.315212005
Samoa,"PM2.5 air pollution, mean annual exposure (micrograms per cubic meter)",11.01483371
Samoa,Population density (people per sq. km of land area),76.22482014
Samoa,GDP per capita (constant 2015 US$),4421.294484
San Marino,CO2 emissions (metric tons per capita),..
San Marino,"PM2.5 air pollution, mean annual exposure (micrograms per cubic meter)",9.906728131
San Marino,Population density (people per sq. km of land area),569.6333333
San Marino,GDP per capita (constant 2015 US$),44143.04564
Sao Tome and Principe,CO2 emissions (metric tons per capita),0.653311525
Sao Tome and Principe,"PM2.5 air pollution, mean annual exposure (micrograms per cubic meter)",31.05885758
Sao Tome and Principe,Population density (people per sq. km of land area),223.540625
Sao Tome and Principe,GDP per capita (constant 2015 US$),1676.396313
Saudi Arabia,CO2 emissions (metric tons per capita),14.70301665
Saudi Arabia,"PM2.5 air pollution, mean annual exposure (micrograms per cubic meter)",61.50824107
Saudi Arabia,Population density (people per sq. km of land area),16.66629235
Saudi Arabia,GDP per capita (constant 2015 US$),19806.11547
Senegal,CO2 emissions (metric tons per capita),0.768574984
Senegal,"PM2.5 air pollution, mean annual exposure (micrograms per cubic meter)",60.21139678
Senegal,Population density (people per sq. km of land area),83.10798837
Senegal,GDP per capita (constant 2015 US$),1409.970821
Serbia,CO2 emissions (metric tons per capita),6.627579916
Serbia,"PM2.5 air pollution, mean annual exposure (micrograms per cubic meter)",25.35417205
Serbia,Population density (people per sq. km of land area),79.41041619
Serbia,GDP per capita (constant 2015 US$),6567.908055
Seychelles,CO2 emissions (metric tons per capita),6.097823303
Seychelles,"PM2.5 air pollution, mean annual exposure (micrograms per cubic meter)",15.5639189
Seychelles,Population density (people per sq. km of land area),212.2282609
Seychelles,GDP per capita (constant 2015 US$),16747.34328
Sierra Leone,CO2 emissions (metric tons per capita),0.129094346
Sierra Leone,"PM2.5 air pollution, mean annual exposure (micrograms per cubic meter)",51.09606544
Sierra Leone,Population density (people per sq. km of land area),111.482793
Sierra Leone,GDP per capita (constant 2015 US$),634.9856157
Singapore,CO2 emissions (metric tons per capita),7.918410385
Singapore,"PM2.5 air pollution, mean annual exposure (micrograms per cubic meter)",18.76588248
Singapore,Population density (people per sq. km of land area),7965.878492
Singapore,GDP per capita (constant 2015 US$),61386.23615
Sint Maarten (Dutch part),CO2 emissions (metric tons per capita),..
Sint Maarten (Dutch part),"PM2.5 air pollution, mean annual exposure (micrograms per cubic meter)",..
Sint Maarten (Dutch part),Population density (people per sq. km of land area),1223.764706
Sint Maarten (Dutch part),GDP per capita (constant 2015 US$),28972.91164
Slovak Republic,CO2 emissions (metric tons per capita),5.6897073
Slovak Republic,"PM2.5 air pollution, mean annual exposure (micrograms per cubic meter)",18.36521464
Slovak Republic,Population density (people per sq. km of land area),113.4389975
Slovak Republic,GDP per capita (constant 2015 US$),18240.72093
Slovenia,CO2 emissions (metric tons per capita),6.543333724
Slovenia,"PM2.5 air pollution, mean annual exposure (micrograms per cubic meter)",16.96940443
Slovenia,Population density (people per sq. km of land area),103.7119346
Slovenia,GDP per capita (constant 2015 US$),24125.39204
Solomon Islands,CO2 emissions (metric tons per capita),0.451560238
Solomon Islands,"PM2.5 air pollution, mean annual exposure (micrograms per cubic meter)",12.89495904
Solomon Islands,Population density (people per sq. km of land area),24.11550554
Solomon Islands,GDP per capita (constant 2015 US$),2203.983401
Somalia,CO2 emissions (metric tons per capita),0.041029203
Somalia,"PM2.5 air pollution, mean annual exposure (micrograms per cubic meter)",30.36142727
Somalia,Population density (people per sq. km of land area),25.47470271
Somalia,GDP per capita (constant 2015 US$),428.4831158
South Africa,CO2 emissions (metric tons per capita),7.688907623
South Africa,"PM2.5 air pollution, mean annual exposure (micrograms per cubic meter)",28.67475434
South Africa,Population density (people per sq. km of land area),47.88354945
South Africa,GDP per capita (constant 2015 US$),6189.289245
South Sudan,CO2 emissions (metric tons per capita),0.174641877
South Sudan,"PM2.5 air pollution, mean annual exposure (micrograms per cubic meter)",37.55277786
South Sudan,Population density (people per sq. km of land area),16.53294827
South Sudan,GDP per capita (constant 2015 US$),..
Spain,CO2 emissions (metric tons per capita),5.131798801
Spain,"PM2.5 air pollution, mean annual exposure (micrograms per cubic meter)",9.728788477
Spain,Population density (people per sq. km of land area),94.3508089
Spain,GDP per capita (constant 2015 US$),28087.89792
Sri Lanka,CO2 emissions (metric tons per capita),1.074526441
Sri Lanka,"PM2.5 air pollution, mean annual exposure (micrograms per cubic meter)",19.96439581
Sri Lanka,Population density (people per sq. km of land area),352.4316946
Sri Lanka,GDP per capita (constant 2015 US$),4458.434434
St. Kitts and Nevis,CO2 emissions (metric tons per capita),5.187374245
St. Kitts and Nevis,"PM2.5 air pollution, mean annual exposure (micrograms per cubic meter)",8.789142812
St. Kitts and Nevis,Population density (people per sq. km of land area),183.5076923
St. Kitts and Nevis,GDP per capita (constant 2015 US$),22137.37556
St. Lucia,CO2 emissions (metric tons per capita),2.993566017
St. Lucia,"PM2.5 air pollution, mean annual exposure (micrograms per cubic meter)",21.22131742
St. Lucia,Population density (people per sq. km of land area),292.7590164
St. Lucia,GDP per capita (constant 2015 US$),11060.68889
St. Martin (French part),CO2 emissions (metric tons per capita),..
St. Martin (French part),"PM2.5 air pollution, mean annual exposure (micrograms per cubic meter)",..
St. Martin (French part),Population density (people per sq. km of land area),662.42
St. Martin (French part),GDP per capita (constant 2015 US$),..
St. Vincent and the Grenadines,CO2 emissions (metric tons per capita),2.240669437
St. Vincent and the Grenadines,"PM2.5 air pollution, mean annual exposure (micrograms per cubic meter)",21.12973864
St. Vincent and the Grenadines,Population density (people per sq. km of land area),269.0358974
St. Vincent and the Grenadines,GDP per capita (constant 2015 US$),8234.274462
Sudan,CO2 emissions (metric tons per capita),0.511922937
Sudan,"PM2.5 air pollution, mean annual exposure (micrograms per cubic meter)",54.67729786
Sudan,Population density (people per sq. km of land area),23.14351874
Sudan,GDP per capita (constant 2015 US$),1950.031616
Suriname,CO2 emissions (metric tons per capita),4.42581305
Suriname,"PM2.5 air pollution, mean annual exposure (micrograms per cubic meter)",21.17742119
Suriname,Population density (people per sq. km of land area),3.848083333
Suriname,GDP per capita (constant 2015 US$),8756.155154
Sweden,CO2 emissions (metric tons per capita),3.401593966
Sweden,"PM2.5 air pollution, mean annual exposure (micrograms per cubic meter)",5.647572855
Sweden,Population density (people per sq. km of land area),25.23766548
Sweden,GDP per capita (constant 2015 US$),53490.35182
Switzerland,CO2 emissions (metric tons per capita),4.358609865
Switzerland,"PM2.5 air pollution, mean annual exposure (micrograms per cubic meter)",9.902709701
Switzerland,Population density (people per sq. km of land area),217.0076296
Switzerland,GDP per capita (constant 2015 US$),87123.66044
Syrian Arab Republic,CO2 emissions (metric tons per capita),1.335459488
Syrian Arab Republic,"PM2.5 air pollution, mean annual exposure (micrograms per cubic meter)",30.95362503
Syrian Arab Republic,Population density (people per sq. km of land area),109.4497141
Syrian Arab Republic,GDP per capita (constant 2015 US$),781.3912174
Tajikistan,CO2 emissions (metric tons per capita),0.960233171
Tajikistan,"PM2.5 air pollution, mean annual exposure (micrograms per cubic meter)",38.31858602
Tajikistan,Population density (people per sq. km of land area),67.27432092
Tajikistan,GDP per capita (constant 2015 US$),1172.079123
Tanzania,CO2 emissions (metric tons per capita),0.249877327
Tanzania,"PM2.5 air pollution, mean annual exposure (micrograms per cubic meter)",24.74048013
Tanzania,Population density (people per sq. km of land area),67.59153195
Tanzania,GDP per capita (constant 2015 US$),1038.736328
Thailand,CO2 emissions (metric tons per capita),3.849043757
Thailand,"PM2.5 air pollution, mean annual exposure (micrograms per cubic meter)",27.40271356
Thailand,Population density (people per sq. km of land area),139.5755701
Thailand,GDP per capita (constant 2015 US$),6453.894143
Timor-Leste,CO2 emissions (metric tons per capita),0.482334951
Timor-Leste,"PM2.5 air pollution, mean annual exposure (micrograms per cubic meter)",15.65130893
Timor-Leste,Population density (people per sq. km of land area),86.10880968
Timor-Leste,GDP per capita (constant 2015 US$),1530.81108
Togo,CO2 emissions (metric tons per capita),0.296284381
Togo,"PM2.5 air pollution, mean annual exposure (micrograms per cubic meter)",46.21037553
Togo,Population density (people per sq. km of land area),151.5553227
Togo,GDP per capita (constant 2015 US$),837.4929276
Tonga,CO2 emissions (metric tons per capita),1.538813351
Tonga,"PM2.5 air pollution, mean annual exposure (micrograms per cubic meter)",10.58622123
Tonga,Population density (people per sq. km of land area),145.7652778
Tonga,GDP per capita (constant 2015 US$),4628.447252
Trinidad and Tobago,CO2 emissions (metric tons per capita),11.31303229
Trinidad and Tobago,"PM2.5 air pollution, mean annual exposure (micrograms per cubic meter)",21.97072547
Trinidad and Tobago,Population density (people per sq. km of land area),296.2875244
Trinidad and Tobago,GDP per capita (constant 2015 US$),15576.4346
Tunisia,CO2 emissions (metric tons per capita),2.576495226
Tunisia,"PM2.5 air pollution, mean annual exposure (micrograms per cubic meter)",30.42981942
Tunisia,Population density (people per sq. km of land area),77.55737642
Tunisia,GDP per capita (constant 2015 US$),4094.880578
Turkiye,CO2 emissions (metric tons per capita),4.776771154
Turkiye,"PM2.5 air pollution, mean annual exposure (micrograms per cubic meter)",26.03180162
Turkiye,Population density (people per sq. km of land area),108.4698933
Turkiye,GDP per capita (constant 2015 US$),11935.38787
Turkmenistan,CO2 emissions (metric tons per capita),10.26753615
Turkmenistan,"PM2.5 air pollution, mean annual exposure (micrograms per cubic meter)",26.19766251
Turkmenistan,Population density (people per sq. km of land area),13.10497308
Turkmenistan,GDP per capita (constant 2015 US$),7422.362521
Turks and Caicos Islands,CO2 emissions (metric tons per capita),..
Turks and Caicos Islands,"PM2.5 air pollution, mean annual exposure (micrograms per cubic meter)",..
Turks and Caicos Islands,Population density (people per sq. km of land area),45.34736842
Turks and Caicos Islands,GDP per capita (constant 2015 US$),25438.78329
Tuvalu,CO2 emissions (metric tons per capita),0.81234027
Tuvalu,"PM2.5 air pollution, mean annual exposure (micrograms per cubic meter)",6.02840838
Tuvalu,Population density (people per sq. km of land area),365.2
Tuvalu,GDP per capita (constant 2015 US$),4197.239177
Uganda,CO2 emissions (metric tons per capita),0.138373162
Uganda,"PM2.5 air pollution, mean annual exposure (micrograms per cubic meter)",35.21822646
Uganda,Population density (people per sq. km of land area),214.1885099
Uganda,GDP per capita (constant 2015 US$),922.0231741
Ukraine,CO2 emissions (metric tons per capita),3.933652536
Ukraine,"PM2.5 air pollution, mean annual exposure (micrograms per cubic meter)",14.53144476
Ukraine,Population density (people per sq. km of land area),76.60718502
Ukraine,GDP per capita (constant 2015 US$),2425.63501
United Arab Emirates,CO2 emissions (metric tons per capita),20.15334483
United Arab Emirates,"PM2.5 air pollution, mean annual exposure (micrograms per cubic meter)",43.66702552
United Arab Emirates,Population density (people per sq. km of land area),129.7051112
United Arab Emirates,GDP per capita (constant 2015 US$),43785.41727
United Kingdom,CO2 emissions (metric tons per capita),5.175842473
United Kingdom,"PM2.5 air pollution, mean annual exposure (micrograms per cubic meter)",10.09284402
United Kingdom,Population density (people per sq. km of land area),276.2630802
United Kingdom,GDP per capita (constant 2015 US$),47491.59456
United States,CO2 emissions (metric tons per capita),14.67338071
United States,"PM2.5 air pollution, mean annual exposure (micrograms per cubic meter)",7.663692516
United States,Population density (people per sq. km of land area),35.89317567
United States,GDP per capita (constant 2015 US$),60698.0113
Uruguay,CO2 emissions (metric tons per capita),1.985381557
Uruguay,"PM2.5 air pollution, mean annual exposure (micrograms per cubic meter)",9.533862914
Uruguay,Population density (people per sq. km of land area),19.58866987
Uruguay,GDP per capita (constant 2015 US$),17563.20815
Uzbekistan,CO2 emissions (metric tons per capita),3.504662697
Uzbekistan,"PM2.5 air pollution, mean annual exposure (micrograms per cubic meter)",34.78609557
Uzbekistan,Population density (people per sq. km of land area),76.22283256
Uzbekistan,GDP per capita (constant 2015 US$),3185.334555
Vanuatu,CO2 emissions (metric tons per capita),0.548284517
Vanuatu,"PM2.5 air pollution, mean annual exposure (micrograms per cubic meter)",12.88296752
Vanuatu,Population density (people per sq. km of land area),24.97161608
Vanuatu,GDP per capita (constant 2015 US$),2838.988278
"Venezuela, RB",CO2 emissions (metric tons per capita),3.71059907
"Venezuela, RB","PM2.5 air pollution, mean annual exposure (micrograms per cubic meter)",21.74698878
"Venezuela, RB",Population density (people per sq. km of land area),32.84585114
"Venezuela, RB",GDP per capita (constant 2015 US$),..
Vietnam,CO2 emissions (metric tons per capita),3.567848369
Vietnam,"PM2.5 air pollution, mean annual exposure (micrograms per cubic meter)",20.3898157
Vietnam,Population density (people per sq. km of land area),305.5770717
Vietnam,GDP per capita (constant 2015 US$),3288.353073
Virgin Islands (U.S.),CO2 emissions (metric tons per capita),..
Virgin Islands (U.S.),"PM2.5 air pollution, mean annual exposure (micrograms per cubic meter)",8.996021018
Virgin Islands (U.S.),Population density (people per sq. km of land area),304.7685714
Virgin Islands (U.S.),GDP per capita (constant 2015 US$),36273.0951
West Bank and Gaza,CO2 emissions (metric tons per capita),..
West Bank and Gaza,"PM2.5 air pollution, mean annual exposure (micrograms per cubic meter)",31.30254529
West Bank and Gaza,Population density (people per sq. km of land area),778.2900332
West Bank and Gaza,GDP per capita (constant 2015 US$),3378.434621
"Yemen, Rep.",CO2 emissions (metric tons per capita),0.354864477
"Yemen, Rep.","PM2.5 air pollution, mean annual exposure (micrograms per cubic meter)",44.46696713
"Yemen, Rep.",Population density (people per sq. km of land area),59.75091577
"Yemen, Rep.",GDP per capita (constant 2015 US$),1182.507094
Zambia,CO2 emissions (metric tons per capita),0.414336364
Zambia,"PM2.5 air pollution, mean annual exposure (micrograms per cubic meter)",25.92546019
Zambia,Population density (people per sq. km of land area),24.72521422
Zambia,GDP per capita (constant 2015 US$),1310.622224
Zimbabwe,CO2 emissions (metric tons per capita),0.663338328
Zimbabwe,"PM2.5 air pollution, mean annual exposure (micrograms per cubic meter)",20.83469969
Zimbabwe,Population density (people per sq. km of land area),39.69137392
Zimbabwe,GDP per capita (constant 2015 US$),1342.989586
